passivo_nao_con_cat,quantidade,area_total_ha,delta_reg_total
Passivo Grande (201-500 ha),616,981891.5009,145239.6448346946
Passivo Medio (51-200 ha),1384,1836966.9127,212557.92992762255
Passivo Muito Grande (>500 ha),326,2734229.5021,433632.10776885017
Passivo Pequeno (<=50 ha),2263,3278747.3119,146173.67771251872
Sem passivo pos-2008,3564,17215676.5627,395318.38842927903
