municipio,delta_validado_total,imoveis
São Félix do Xingu,790303.5240277833,2271
Marabá,242466.03158358266,743
Altamira,240786.55881434298,1840
Paragominas,239683.986810255,983
Novo Progresso,201034.40173032283,1092
Novo Repartimento,147494.2540047497,635
Tucumã,137121.38759288128,98
Rondon do Pará,115842.89571304043,664
Xinguara,94859.76113720195,151
Pacajá,93085.58554495008,687
